artist,album,track_number,title,full_title,path,filename
King Gizzard & The Lizard Wizard,Live in Copenhagen '25,02,Extinction,(Live in Copenhagen '25),King Gizzard & The Lizard Wizard - Live in Copenhagen '25 - 02 Extinction (Live in Copenhagen '25).mp3,King Gizzard & The Lizard Wizard - Live in Copenhagen '25 - 02 Extinction (Live in Copenhagen '25).mp3
King Gizzard & The Lizard Wizard,Live in Copenhagen '25,03,Blue Morpho,(Live in Copenhagen '25),King Gizzard & The Lizard Wizard - Live in Copenhagen '25 - 03 Blue Morpho (Live in Copenhagen '25).mp3,King Gizzard & The Lizard Wizard - Live in Copenhagen '25 - 03 Blue Morpho (Live in Copenhagen '25).mp3
King Gizzard & The Lizard Wizard,Live in Copenhagen '25,01,Swan Song,(Live in Copenhagen '25),King Gizzard & The Lizard Wizard - Live in Copenhagen '25 - 01 Swan Song (Live in Copenhagen '25).mp3,King Gizzard & The Lizard Wizard - Live in Copenhagen '25 - 01 Swan Song (Live in Copenhagen '25).mp3
King Gizzard & The Lizard Wizard,Live in Copenhagen '25,06,Magma,(Live in Copenhagen '25),King Gizzard & The Lizard Wizard - Live in Copenhagen '25 - 06 Magma (Live in Copenhagen '25).mp3,King Gizzard & The Lizard Wizard - Live in Copenhagen '25 - 06 Magma (Live in Copenhagen '25).mp3
King Gizzard & The Lizard Wizard,Live in Copenhagen '25,05,Set,(Live in Copenhagen '25),King Gizzard & The Lizard Wizard - Live in Copenhagen '25 - 05 Set (Live in Copenhagen '25).mp3,King Gizzard & The Lizard Wizard - Live in Copenhagen '25 - 05 Set (Live in Copenhagen '25).mp3
King Gizzard & The Lizard Wizard,Live in Copenhagen '25,08,Slow Jam 1,(Live in Copenhagen '25),King Gizzard & The Lizard Wizard - Live in Copenhagen '25 - 08 Slow Jam 1 (Live in Copenhagen '25).mp3,King Gizzard & The Lizard Wizard - Live in Copenhagen '25 - 08 Slow Jam 1 (Live in Copenhagen '25).mp3
King Gizzard & The Lizard Wizard,Live in Copenhagen '25,07,Smoke & Mirrors,(Live in Copenhagen '25),King Gizzard & The Lizard Wizard - Live in Copenhagen '25 - 07 Smoke & Mirrors (Live in Copenhagen '25).mp3,King Gizzard & The Lizard Wizard - Live in Copenhagen '25 - 07 Smoke & Mirrors (Live in Copenhagen '25).mp3
King Gizzard & The Lizard Wizard,Live in Copenhagen '25,04,Drums,(Live in Copenhagen '25),King Gizzard & The Lizard Wizard - Live in Copenhagen '25 - 04 Drums (Live in Copenhagen '25).mp3,King Gizzard & The Lizard Wizard - Live in Copenhagen '25 - 04 Drums (Live in Copenhagen '25).mp3
King Gizzard & The Lizard Wizard,Live in Vienna '25,03,Perihelion,(Live in Vienna '25),King Gizzard & The Lizard Wizard - Live in Vienna '25 - 03 Perihelion (Live in Vienna '25).mp3,King Gizzard & The Lizard Wizard - Live in Vienna '25 - 03 Perihelion (Live in Vienna '25).mp3
King Gizzard & The Lizard Wizard,Live in Vienna '25,09,Gilgamesh,(Live in Vienna '25),King Gizzard & The Lizard Wizard - Live in Vienna '25 - 09 Gilgamesh (Live in Vienna '25).mp3,King Gizzard & The Lizard Wizard - Live in Vienna '25 - 09 Gilgamesh (Live in Vienna '25).mp3
King Gizzard & The Lizard Wizard,Live in Vienna '25,07,Hot Water,(Live in Vienna '25),King Gizzard & The Lizard Wizard - Live in Vienna '25 - 07 Hot Water (Live in Vienna '25).mp3,King Gizzard & The Lizard Wizard - Live in Vienna '25 - 07 Hot Water (Live in Vienna '25).mp3
King Gizzard & The Lizard Wizard,Live in Vienna '25,04,Muddy Water,(Live in Vienna '25),King Gizzard & The Lizard Wizard - Live in Vienna '25 - 04 Muddy Water (Live in Vienna '25).mp3,King Gizzard & The Lizard Wizard - Live in Vienna '25 - 04 Muddy Water (Live in Vienna '25).mp3
King Gizzard & The Lizard Wizard,Live in Vienna '25,08,The Silver Cord,(Live in Vienna '25),King Gizzard & The Lizard Wizard - Live in Vienna '25 - 08 The Silver Cord (Live in Vienna '25).mp3,King Gizzard & The Lizard Wizard - Live in Vienna '25 - 08 The Silver Cord (Live in Vienna '25).mp3
King Gizzard & The Lizard Wizard,Live in Vienna '25,05,The Bitter Boogie,(Live in Vienna '25),King Gizzard & The Lizard Wizard - Live in Vienna '25 - 05 The Bitter Boogie (Live in Vienna '25).mp3,King Gizzard & The Lizard Wizard - Live in Vienna '25 - 05 The Bitter Boogie (Live in Vienna '25).mp3
King Gizzard & The Lizard Wizard,Live in Vienna '25,01,Kepler-22b,(Live in Vienna '25),King Gizzard & The Lizard Wizard - Live in Vienna '25 - 01 Kepler-22b (Live in Vienna '25).mp3,King Gizzard & The Lizard Wizard - Live in Vienna '25 - 01 Kepler-22b (Live in Vienna '25).mp3
King Gizzard & The Lizard Wizard,Live in Vienna '25,06,2.02 Killer Year,(Live in Vienna '25),King Gizzard & The Lizard Wizard - Live in Vienna '25 - 06 2.02 Killer Year (Live in Vienna '25).mp3,King Gizzard & The Lizard Wizard - Live in Vienna '25 - 06 2.02 Killer Year (Live in Vienna '25).mp3
King Gizzard & The Lizard Wizard,Live in Vienna '25,02,Magenta Mountain,(Live in Vienna '25),King Gizzard & The Lizard Wizard - Live in Vienna '25 - 02 Magenta Mountain (Live in Vienna '25).mp3,King Gizzard & The Lizard Wizard - Live in Vienna '25 - 02 Magenta Mountain (Live in Vienna '25).mp3
King Gizzard & The Lizard Wizard,Live In Gothenburg '25,07,The Grim Reaper,(Live In Gothenburg '25),King Gizzard & The Lizard Wizard - Live In Gothenburg '25 - 07 The Grim Reaper (Live In Gothenburg '25).mp3,King Gizzard & The Lizard Wizard - Live In Gothenburg '25 - 07 The Grim Reaper (Live In Gothenburg '25).mp3
King Gizzard & The Lizard Wizard,Live In Gothenburg '25,01,Perihelion,(Live In Gothenburg '25),King Gizzard & The Lizard Wizard - Live In Gothenburg '25 - 01 Perihelion (Live In Gothenburg '25).mp3,King Gizzard & The Lizard Wizard - Live In Gothenburg '25 - 01 Perihelion (Live In Gothenburg '25).mp3
King Gizzard & The Lizard Wizard,Live In Gothenburg '25,04,Candles,(Live In Gothenburg '25),King Gizzard & The Lizard Wizard - Live In Gothenburg '25 - 04 Candles (Live In Gothenburg '25).mp3,King Gizzard & The Lizard Wizard - Live In Gothenburg '25 - 04 Candles (Live In Gothenburg '25).mp3
King Gizzard & The Lizard Wizard,Live In Gothenburg '25,02,Cyboogie,(Live In Gothenburg '25),King Gizzard & The Lizard Wizard - Live In Gothenburg '25 - 02 Cyboogie (Live In Gothenburg '25).mp3,King Gizzard & The Lizard Wizard - Live In Gothenburg '25 - 02 Cyboogie (Live In Gothenburg '25).mp3
King Gizzard & The Lizard Wizard,Live In Gothenburg '25,08,No Body,(Live In Gothenburg '25),King Gizzard & The Lizard Wizard - Live In Gothenburg '25 - 08 No Body (Live In Gothenburg '25).mp3,King Gizzard & The Lizard Wizard - Live In Gothenburg '25 - 08 No Body (Live In Gothenburg '25).mp3
King Gizzard & The Lizard Wizard,Live In Gothenburg '25,06,Kepler-22b,(Live In Gothenburg '25),King Gizzard & The Lizard Wizard - Live In Gothenburg '25 - 06 Kepler-22b (Live In Gothenburg '25).mp3,King Gizzard & The Lizard Wizard - Live In Gothenburg '25 - 06 Kepler-22b (Live In Gothenburg '25).mp3
King Gizzard & The Lizard Wizard,Live In Gothenburg '25,03,The Bitter Boogie,(Live In Gothenburg '25),King Gizzard & The Lizard Wizard - Live In Gothenburg '25 - 03 The Bitter Boogie (Live In Gothenburg '25).mp3,King Gizzard & The Lizard Wizard - Live In Gothenburg '25 - 03 The Bitter Boogie (Live In Gothenburg '25).mp3
King Gizzard & The Lizard Wizard,Live In Gothenburg '25,05,Gilgamesh,(Live In Gothenburg '25),King Gizzard & The Lizard Wizard - Live In Gothenburg '25 - 05 Gilgamesh (Live In Gothenburg '25).mp3,King Gizzard & The Lizard Wizard - Live In Gothenburg '25 - 05 Gilgamesh (Live In Gothenburg '25).mp3
King Gizzard & The Lizard Wizard,Live In Gothenburg '25,09,The Silver Cord,(Live In Gothenburg '25),King Gizzard & The Lizard Wizard - Live In Gothenburg '25 - 09 The Silver Cord (Live In Gothenburg '25).mp3,King Gizzard & The Lizard Wizard - Live In Gothenburg '25 - 09 The Silver Cord (Live In Gothenburg '25).mp3
King Gizzard & The Lizard Wizard,Live in Tilburg '25,06,Swan Song,(Live in Tilburg '25),King Gizzard & The Lizard Wizard - Live in Tilburg '25 - 06 Swan Song (Live in Tilburg '25).mp3,King Gizzard & The Lizard Wizard - Live in Tilburg '25 - 06 Swan Song (Live in Tilburg '25).mp3
King Gizzard & The Lizard Wizard,Live in Tilburg '25,08,Smoke & Mirrors,(Live in Tilburg '25),King Gizzard & The Lizard Wizard - Live in Tilburg '25 - 08 Smoke & Mirrors (Live in Tilburg '25).mp3,King Gizzard & The Lizard Wizard - Live in Tilburg '25 - 08 Smoke & Mirrors (Live in Tilburg '25).mp3
King Gizzard & The Lizard Wizard,Live in Tilburg '25,02,The Bitter Boogie,(Live in Tilburg '25),King Gizzard & The Lizard Wizard - Live in Tilburg '25 - 02 The Bitter Boogie (Live in Tilburg '25).mp3,King Gizzard & The Lizard Wizard - Live in Tilburg '25 - 02 The Bitter Boogie (Live in Tilburg '25).mp3
King Gizzard & The Lizard Wizard,Live in Tilburg '25,01,Ice V,(Live in Tilburg '25),King Gizzard & The Lizard Wizard - Live in Tilburg '25 - 01 Ice V (Live in Tilburg '25).mp3,King Gizzard & The Lizard Wizard - Live in Tilburg '25 - 01 Ice V (Live in Tilburg '25).mp3
King Gizzard & The Lizard Wizard,Live in Tilburg '25,03,Muddy Water,(Live in Tilburg '25),King Gizzard & The Lizard Wizard - Live in Tilburg '25 - 03 Muddy Water (Live in Tilburg '25).mp3,King Gizzard & The Lizard Wizard - Live in Tilburg '25 - 03 Muddy Water (Live in Tilburg '25).mp3
King Gizzard & The Lizard Wizard,Live in Tilburg '25,04,Dreams,(Live in Tilburg '25),King Gizzard & The Lizard Wizard - Live in Tilburg '25 - 04 Dreams (Live in Tilburg '25).mp3,King Gizzard & The Lizard Wizard - Live in Tilburg '25 - 04 Dreams (Live in Tilburg '25).mp3
King Gizzard & The Lizard Wizard,Live in Tilburg '25,07,Fishing For Fishies,(Live in Tilburg '25),King Gizzard & The Lizard Wizard - Live in Tilburg '25 - 07 Fishing For Fishies (Live in Tilburg '25).mp3,King Gizzard & The Lizard Wizard - Live in Tilburg '25 - 07 Fishing For Fishies (Live in Tilburg '25).mp3
King Gizzard & The Lizard Wizard,Live in Tilburg '25,05,The Grim Reaper,(Live in Tilburg '25),King Gizzard & The Lizard Wizard - Live in Tilburg '25 - 05 The Grim Reaper (Live in Tilburg '25).mp3,King Gizzard & The Lizard Wizard - Live in Tilburg '25 - 05 The Grim Reaper (Live in Tilburg '25).mp3
King Gizzard & The Lizard Wizard,Live in Tilburg '25,09,Magma,(Live in Tilburg '25),King Gizzard & The Lizard Wizard - Live in Tilburg '25 - 09 Magma (Live in Tilburg '25).mp3,King Gizzard & The Lizard Wizard - Live in Tilburg '25 - 09 Magma (Live in Tilburg '25).mp3
King Gizzard & The Lizard Wizard,Live in Berlin '25,06,Kepler-22b,(Live in Berlin '25),King Gizzard & The Lizard Wizard - Live in Berlin '25 - 06 Kepler-22b (Live in Berlin '25).mp3,King Gizzard & The Lizard Wizard - Live in Berlin '25 - 06 Kepler-22b (Live in Berlin '25).mp3
King Gizzard & The Lizard Wizard,Live in Berlin '25,09,Blue Morpho,(Live in Berlin '25),King Gizzard & The Lizard Wizard - Live in Berlin '25 - 09 Blue Morpho (Live in Berlin '25).mp3,King Gizzard & The Lizard Wizard - Live in Berlin '25 - 09 Blue Morpho (Live in Berlin '25).mp3
King Gizzard & The Lizard Wizard,Live in Berlin '25,04,Hell's Itch,(Live in Berlin '25),King Gizzard & The Lizard Wizard - Live in Berlin '25 - 04 Hell's Itch (Live in Berlin '25).mp3,King Gizzard & The Lizard Wizard - Live in Berlin '25 - 04 Hell's Itch (Live in Berlin '25).mp3
King Gizzard & The Lizard Wizard,Live in Berlin '25,03,Perihelion,(Live in Berlin '25),King Gizzard & The Lizard Wizard - Live in Berlin '25 - 03 Perihelion (Live in Berlin '25).mp3,King Gizzard & The Lizard Wizard - Live in Berlin '25 - 03 Perihelion (Live in Berlin '25).mp3
King Gizzard & The Lizard Wizard,Live in Berlin '25,07,Gilgamesh,(Live in Berlin '25),King Gizzard & The Lizard Wizard - Live in Berlin '25 - 07 Gilgamesh (Live in Berlin '25).mp3,King Gizzard & The Lizard Wizard - Live in Berlin '25 - 07 Gilgamesh (Live in Berlin '25).mp3
King Gizzard & The Lizard Wizard,Live in Berlin '25,01,Murder of the Universe,(Live in Berlin '25),King Gizzard & The Lizard Wizard - Live in Berlin '25 - 01 Murder of the Universe (Live in Berlin '25).mp3,King Gizzard & The Lizard Wizard - Live in Berlin '25 - 01 Murder of the Universe (Live in Berlin '25).mp3
King Gizzard & The Lizard Wizard,Live in Berlin '25,02,Cyboogie,(Live in Berlin '25),King Gizzard & The Lizard Wizard - Live in Berlin '25 - 02 Cyboogie (Live in Berlin '25).mp3,King Gizzard & The Lizard Wizard - Live in Berlin '25 - 02 Cyboogie (Live in Berlin '25).mp3
King Gizzard & The Lizard Wizard,Live in Berlin '25,05,Slow Jam I,(Live in Berlin '25),King Gizzard & The Lizard Wizard - Live in Berlin '25 - 05 Slow Jam I (Live in Berlin '25).mp3,King Gizzard & The Lizard Wizard - Live in Berlin '25 - 05 Slow Jam I (Live in Berlin '25).mp3
King Gizzard & The Lizard Wizard,Live in Berlin '25,08,Set,(Live in Berlin '25),King Gizzard & The Lizard Wizard - Live in Berlin '25 - 08 Set (Live in Berlin '25).mp3,King Gizzard & The Lizard Wizard - Live in Berlin '25 - 08 Set (Live in Berlin '25).mp3
King Gizzard & The Lizard Wizard,Live In Prague '25,09,Candles,(Live In Prague '25),King Gizzard & The Lizard Wizard - Live In Prague '25 - 09 Candles (Live In Prague '25).mp3,King Gizzard & The Lizard Wizard - Live In Prague '25 - 09 Candles (Live In Prague '25).mp3
King Gizzard & The Lizard Wizard,Live In Prague '25,06,Flamethrower,(Live In Prague '25),King Gizzard & The Lizard Wizard - Live In Prague '25 - 06 Flamethrower (Live In Prague '25).mp3,King Gizzard & The Lizard Wizard - Live In Prague '25 - 06 Flamethrower (Live In Prague '25).mp3
King Gizzard & The Lizard Wizard,Live In Prague '25,03,Shanghai,(Live In Prague '25),King Gizzard & The Lizard Wizard - Live In Prague '25 - 03 Shanghai (Live In Prague '25).mp3,King Gizzard & The Lizard Wizard - Live In Prague '25 - 03 Shanghai (Live In Prague '25).mp3
King Gizzard & The Lizard Wizard,Live In Prague,07,The Grim Reaper,(Live In Prague '25),King Gizzard & The Lizard Wizard - Live In Prague '25 - 07 The Grim Reaper.mp3,King Gizzard & The Lizard Wizard - Live In Prague '25 - 07 The Grim Reaper.mp3
King Gizzard & The Lizard Wizard,Live In Prague '25,02,Theia,(Live In Prague '25),King Gizzard & The Lizard Wizard - Live In Prague '25 - 02 Theia (Live In Prague '25).mp3,King Gizzard & The Lizard Wizard - Live In Prague '25 - 02 Theia (Live In Prague '25).mp3
King Gizzard & The Lizard Wizard,Live In Prague '25,01,Extinction,(Live In Prague '25),King Gizzard & The Lizard Wizard - Live In Prague '25 - 01 Extinction (Live In Prague '25).mp3,King Gizzard & The Lizard Wizard - Live In Prague '25 - 01 Extinction (Live In Prague '25).mp3
King Gizzard & The Lizard Wizard,Live In Prague '25,08,Ice V,(Live In Prague '25),King Gizzard & The Lizard Wizard - Live In Prague '25 - 08 Ice V (Live In Prague '25).mp3,King Gizzard & The Lizard Wizard - Live In Prague '25 - 08 Ice V (Live In Prague '25).mp3
King Gizzard & The Lizard Wizard,Live In Prague '25,04,Superposition,(Live In Prague '25),King Gizzard & The Lizard Wizard - Live In Prague '25 - 04 Superposition (Live In Prague '25).mp3,King Gizzard & The Lizard Wizard - Live In Prague '25 - 04 Superposition (Live In Prague '25).mp3
King Gizzard & The Lizard Wizard,Live In Prague '25,05,Sense,(Live In Prague '25),King Gizzard & The Lizard Wizard - Live In Prague '25 - 05 Sense (Live In Prague '25).mp3,King Gizzard & The Lizard Wizard - Live In Prague '25 - 05 Sense (Live In Prague '25).mp3
King Gizzard & The Lizard Wizard,Live at Field of Vision '25,19,Venusian 2,(Live at Field of Vision '25),King Gizzard & The Lizard Wizard - Live at Field of Vision '25 - 19 Venusian 2 (Live at Field of Vision '25).mp3,King Gizzard & The Lizard Wizard - Live at Field of Vision '25 - 19 Venusian 2 (Live at Field of Vision '25).mp3
King Gizzard & The Lizard Wizard,Live at Field of Vision '25,21,Witchcraft,(Live at Field of Vision '25),King Gizzard & The Lizard Wizard - Live at Field of Vision '25 - 21 Witchcraft (Live at Field of Vision '25).mp3,King Gizzard & The Lizard Wizard - Live at Field of Vision '25 - 21 Witchcraft (Live at Field of Vision '25).mp3
King Gizzard & The Lizard Wizard,Live at Field of Vision '25,15,I'm In Your Mind Fuzz,(Live at Field of Vision '25),King Gizzard & The Lizard Wizard - Live at Field of Vision '25 - 15 I'm In Your Mind Fuzz (Live at Field of Vision '25).mp3,King Gizzard & The Lizard Wizard - Live at Field of Vision '25 - 15 I'm In Your Mind Fuzz (Live at Field of Vision '25).mp3
King Gizzard & The Lizard Wizard,Live at Field of Vision '25,23,Police Truck,(feat. Jello Biafra) (Live at Field of Vision '25),King Gizzard & The Lizard Wizard - Live at Field of Vision '25 - 23 Police Truck (feat. Jello Biafra) -Live at Field of Vision '25-.mp3,King Gizzard & The Lizard Wizard - Live at Field of Vision '25 - 23 Police Truck (feat. Jello Biafra) -Live at Field of Vision '25-.mp3
King Gizzard & The Lizard Wizard,Live at Field of Vision '25,04,Field of Vision,(Live at Field of Vision '25),King Gizzard & The Lizard Wizard - Live at Field of Vision '25 - 04 Field of Vision (Live at Field of Vision '25).mp3,King Gizzard & The Lizard Wizard - Live at Field of Vision '25 - 04 Field of Vision (Live at Field of Vision '25).mp3
King Gizzard & The Lizard Wizard,Live at Field of Vision '25,22,Gaia,(Live at Field of Vision '25),King Gizzard & The Lizard Wizard - Live at Field of Vision '25 - 22 Gaia (Live at Field of Vision '25).mp3,King Gizzard & The Lizard Wizard - Live at Field of Vision '25 - 22 Gaia (Live at Field of Vision '25).mp3
King Gizzard & The Lizard Wizard,Live at Field of Vision '25,16,Inner Cell,(Live at Field of Vision '25),King Gizzard & The Lizard Wizard - Live at Field of Vision '25 - 16 Inner Cell (Live at Field of Vision '25).mp3,King Gizzard & The Lizard Wizard - Live at Field of Vision '25 - 16 Inner Cell (Live at Field of Vision '25).mp3
King Gizzard & The Lizard Wizard,Live at Field of Vision '25,24,Evil Death Roll,(Live at Field of Vision '25),King Gizzard & The Lizard Wizard - Live at Field of Vision '25 - 24 Evil Death Roll (Live at Field of Vision '25).mp3,King Gizzard & The Lizard Wizard - Live at Field of Vision '25 - 24 Evil Death Roll (Live at Field of Vision '25).mp3
King Gizzard & The Lizard Wizard,Live at Field of Vision '25,06,Nuclear Fusion,(Live at Field of Vision '25),King Gizzard & The Lizard Wizard - Live at Field of Vision '25 - 06 Nuclear Fusion (Live at Field of Vision '25).mp3,King Gizzard & The Lizard Wizard - Live at Field of Vision '25 - 06 Nuclear Fusion (Live at Field of Vision '25).mp3
King Gizzard & The Lizard Wizard,Live at Field of Vision '25,17,Loyalty,(Live at Field of Vision '25),King Gizzard & The Lizard Wizard - Live at Field of Vision '25 - 17 Loyalty (Live at Field of Vision '25).mp3,King Gizzard & The Lizard Wizard - Live at Field of Vision '25 - 17 Loyalty (Live at Field of Vision '25).mp3
King Gizzard & The Lizard Wizard,Live at Field of Vision '25,14,Cellophane,(Live at Field of Vision '25),King Gizzard & The Lizard Wizard - Live at Field of Vision '25 - 14 Cellophane (Live at Field of Vision '25).mp3,King Gizzard & The Lizard Wizard - Live at Field of Vision '25 - 14 Cellophane (Live at Field of Vision '25).mp3
King Gizzard & The Lizard Wizard,Live at Field of Vision '25,08,Superposition,(Live at Field of Vision '25),King Gizzard & The Lizard Wizard - Live at Field of Vision '25 - 08 Superposition (Live at Field of Vision '25).mp3,King Gizzard & The Lizard Wizard - Live at Field of Vision '25 - 08 Superposition (Live at Field of Vision '25).mp3
King Gizzard & The Lizard Wizard,Live at Field of Vision '25,11,Extinction,(Live at Field of Vision '25),King Gizzard & The Lizard Wizard - Live at Field of Vision '25 - 11 Extinction (Live at Field of Vision '25).mp3,King Gizzard & The Lizard Wizard - Live at Field of Vision '25 - 11 Extinction (Live at Field of Vision '25).mp3
King Gizzard & The Lizard Wizard,Live at Field of Vision '25,02,People-Vultures,(Live at Field of Vision '25),King Gizzard & The Lizard Wizard - Live at Field of Vision '25 - 02 People-Vultures (Live at Field of Vision '25).mp3,King Gizzard & The Lizard Wizard - Live at Field of Vision '25 - 02 People-Vultures (Live at Field of Vision '25).mp3
King Gizzard & The Lizard Wizard,Live at Field of Vision '25,18,Horology,(Live at Field of Vision '25),King Gizzard & The Lizard Wizard - Live at Field of Vision '25 - 18 Horology (Live at Field of Vision '25).mp3,King Gizzard & The Lizard Wizard - Live at Field of Vision '25 - 18 Horology (Live at Field of Vision '25).mp3
King Gizzard & The Lizard Wizard,Live at Field of Vision '25,07,Intrasport,(Live at Field of Vision '25),King Gizzard & The Lizard Wizard - Live at Field of Vision '25 - 07 Intrasport (Live at Field of Vision '25).mp3,King Gizzard & The Lizard Wizard - Live at Field of Vision '25 - 07 Intrasport (Live at Field of Vision '25).mp3
King Gizzard & The Lizard Wizard,Live at Field of Vision '25,03,Mr. Beat,(Live at Field of Vision '25),King Gizzard & The Lizard Wizard - Live at Field of Vision '25 - 03 Mr. Beat (Live at Field of Vision '25).mp3,King Gizzard & The Lizard Wizard - Live at Field of Vision '25 - 03 Mr. Beat (Live at Field of Vision '25).mp3
King Gizzard & The Lizard Wizard,Live at Field of Vision '25,13,I'm Not In Your Mind,(Live at Field of Vision '25),King Gizzard & The Lizard Wizard - Live at Field of Vision '25 - 13 I'm Not In Your Mind (Live at Field of Vision '25).mp3,King Gizzard & The Lizard Wizard - Live at Field of Vision '25 - 13 I'm Not In Your Mind (Live at Field of Vision '25).mp3
King Gizzard & The Lizard Wizard,Live at Field of Vision '25,01,Gamma Knife,(Live at Field of Vision '25),King Gizzard & The Lizard Wizard - Live at Field of Vision '25 - 01 Gamma Knife (Live at Field of Vision '25).mp3,King Gizzard & The Lizard Wizard - Live at Field of Vision '25 - 01 Gamma Knife (Live at Field of Vision '25).mp3
King Gizzard & The Lizard Wizard,Live at Field of Vision '25,10,Gilgamesh,(Live at Field of Vision '25),King Gizzard & The Lizard Wizard - Live at Field of Vision '25 - 10 Gilgamesh (Live at Field of Vision '25).mp3,King Gizzard & The Lizard Wizard - Live at Field of Vision '25 - 10 Gilgamesh (Live at Field of Vision '25).mp3
King Gizzard & The Lizard Wizard,Live at Field of Vision '25,05,Antarctica,(Live at Field of Vision '25),King Gizzard & The Lizard Wizard - Live at Field of Vision '25 - 05 Antarctica (Live at Field of Vision '25).mp3,King Gizzard & The Lizard Wizard - Live at Field of Vision '25 - 05 Antarctica (Live at Field of Vision '25).mp3
King Gizzard & The Lizard Wizard,Live at Field of Vision '25,12,I'm In Your Mind,(Live at Field of Vision '25),King Gizzard & The Lizard Wizard - Live at Field of Vision '25 - 12 I'm In Your Mind (Live at Field of Vision '25).mp3,King Gizzard & The Lizard Wizard - Live at Field of Vision '25 - 12 I'm In Your Mind (Live at Field of Vision '25).mp3
King Gizzard & The Lizard Wizard,Live at Field of Vision '25,09,Kepler-22b,(Live at Field of Vision '25),King Gizzard & The Lizard Wizard - Live at Field of Vision '25 - 09 Kepler-22b (Live at Field of Vision '25).mp3,King Gizzard & The Lizard Wizard - Live at Field of Vision '25 - 09 Kepler-22b (Live at Field of Vision '25).mp3
King Gizzard & The Lizard Wizard,Live at Field of Vision '25,20,Converge,(Live at Field of Vision '25),King Gizzard & The Lizard Wizard - Live at Field of Vision '25 - 20 Converge (Live at Field of Vision '25).mp3,King Gizzard & The Lizard Wizard - Live at Field of Vision '25 - 20 Converge (Live at Field of Vision '25).mp3
King Gizzard & The Lizard Wizard,Live in London '25,15,Sense,(Live in London '25),King Gizzard & The Lizard Wizard - Live in London '25 - 15 Sense (Live in London '25).mp3,King Gizzard & The Lizard Wizard - Live in London '25 - 15 Sense (Live in London '25).mp3
King Gizzard & The Lizard Wizard,Live in London '25,16,Kepler-22b,(Live in London '25),King Gizzard & The Lizard Wizard - Live in London '25 - 16 Kepler-22b (Live in London '25).mp3,King Gizzard & The Lizard Wizard - Live in London '25 - 16 Kepler-22b (Live in London '25).mp3
King Gizzard & The Lizard Wizard,Live in London '25,13,Flamethrower,(Live in London '25),King Gizzard & The Lizard Wizard - Live in London '25 - 13 Flamethrower (Live in London '25).mp3,King Gizzard & The Lizard Wizard - Live in London '25 - 13 Flamethrower (Live in London '25).mp3
King Gizzard & The Lizard Wizard,Live in London '25,11,Dreams,(Live in London '25),King Gizzard & The Lizard Wizard - Live in London '25 - 11 Dreams (Live in London '25).mp3,King Gizzard & The Lizard Wizard - Live in London '25 - 11 Dreams (Live in London '25).mp3
King Gizzard & The Lizard Wizard,Live in London '25,14,Magenta Mountain,(Live in London '25),King Gizzard & The Lizard Wizard - Live in London '25 - 14 Magenta Mountain (Live in London '25).mp3,King Gizzard & The Lizard Wizard - Live in London '25 - 14 Magenta Mountain (Live in London '25).mp3
King Gizzard & The Lizard Wizard,Live in London '25,12,Shanghai,(Live in London '25),King Gizzard & The Lizard Wizard - Live in London '25 - 12 Shanghai (Live in London '25).mp3,King Gizzard & The Lizard Wizard - Live in London '25 - 12 Shanghai (Live in London '25).mp3
King Gizzard & The Lizard Wizard,Live in London '25,09,Set,(Live in London '25),King Gizzard & The Lizard Wizard - Live in London '25 - 09 Set (Live in London '25).mp3,King Gizzard & The Lizard Wizard - Live in London '25 - 09 Set (Live in London '25).mp3
King Gizzard & The Lizard Wizard,Live in London '25,10,2.02 Killer Year,(Live in London '25),King Gizzard & The Lizard Wizard - Live in London '25 - 10 2.02 Killer Year (Live in London '25).mp3,King Gizzard & The Lizard Wizard - Live in London '25 - 10 2.02 Killer Year (Live in London '25).mp3
